{
  "projects": [
    {
      "id": 1,
      "name": "Auto Viral Video Lab",
      "keys": {
        "OPENAI_API_KEY": "",
        "ELEVENLABS_API_KEY": "",
        "JSON2VIDEO_API_KEY": "",
        "YOUTUBE_API_KEY": "",
        "STRIPE_SECRET_KEY": "",
        "TELEGRAM_BOT_TOKEN": "",
        "TIKTOK_CLIENT_KEY": "",
        "TIKTOK_CLIENT_SECRET": ""
      }
    },
    {
      "id": 2,
      "name": "AI Course Factory",
      "keys": {
        "OPENAI_API_KEY": "",
        "ELEVENLABS_API_KEY": "",
        "JSON2VIDEO_API_KEY": "",
        "STRIPE_SECRET_KEY": "",
        "TELEGRAM_BOT_TOKEN": ""
      }
    },
    {
      "id": 3,
      "name": "Mobile SaaS Tools Empire",
      "keys": {
        "OPENAI_API_KEY": "",
        "STRIPE_SECRET_KEY": "",
        "TELEGRAM_BOT_TOKEN": ""
      }
    },
    {
      "id": 4,
      "name": "Dream2Script",
      "keys": {
        "OPENAI_API_KEY": ""
      }
    },
    {
      "id": 5,
      "name": "DreamMail",
      "keys": {
        "OPENAI_API_KEY": ""
      }
    },
    {
      "id": 6,
      "name": "ZeroSkill Market",
      "keys": {
        "OPENAI_API_KEY": "",
        "STRIPE_SECRET_KEY": ""
      }
    },
    {
      "id": 7,
      "name": "MindQuest AR",
      "keys": {
        "OPENAI_API_KEY": ""
      }
    },
    {
      "id": 8,
      "name": "WorldSeed",
      "keys": {
        "OPENAI_API_KEY": ""
      }
    }
  ]
}